<?xml version="1.0" encoding="UTF-8"?>
<sfm:png xmlns:sfm="http://www.utc.fr/ics/scenari/v3/filemeta" xmlns:op="utc.fr:ics/opale3" xmlns:sc="http://www.utc.fr/ics/scenari/v3/core">
	<op:binM xmlns:sp="http://www.utc.fr/ics/scenari/v3/primitive">
		<sp:title>Publication pour le web</sp:title>
		<sp:desc>
			<op:sTxt>
				<sc:para sc:id="t2">En un « clic souris » le contenu produit par l'auteur est transformé en site web respectueux des standards HTML qui peut ensuite être transféré par FTP sur un serveur web. L'organisation des pages, la navigation et la mise en forme sont paramétrables.</sc:para>
			</op:sTxt>
		</sp:desc>
	</op:binM>
</sfm:png>
