<?xml version="1.0" encoding="UTF-8"?>
<sc:item xmlns:sc="http://www.utc.fr/ics/scenari/v3/core">
	<op:ue xmlns:sp="http://www.utc.fr/ics/scenari/v3/primitive" xmlns:op="utc.fr:ics/opale3" xmlns:sc="http://www.utc.fr/ics/scenari/v3/core">
		<op:ueM>
			<sp:title>las cadenas editoriales digitales</sp:title>
		</op:ueM>
		<sp:div>
			<op:ueDiv>
				<op:ueDivM>
					<sp:title>Principios</sp:title>
				</op:ueDivM>
				<sp:intro>
					<op:res>
						<sp:txt>
							<op:txt>
								<sc:para xml:space="preserve" sc:id="t76">Una cadena editorial es un proceso tecnológico y metodológico, resultado de la investigación en ingeniería documentaria. Se trata de realizar un modelo de documento, asistir las tareas de creación de contenido, y automatizar la creación del aspecto gráfico del contenido. Así se puede reducir los costes de producción y de mantenimiento de los contenidos, así como controlar mejor su cualidad.</sc:para>
							</op:txt>
						</sp:txt>
					</op:res>
				</sp:intro>
				<sp:courseUc>
					<op:expUc>
						<op:uM>
							<sp:title>¿ Para que utilizar una cadena editorial ?</sp:title>
						</op:uM>
						<sp:div>
							<op:expUcDiv>
								<op:expUcDivM>
									<sp:title>Para marcar la identidad de una organización</sp:title>
								</op:expUcDivM>
								<sp:pb>
									<op:pb>
										<sp:info>
											<op:pbTi/>
											<op:res>
												<sp:txt>
													<op:txt>
														<sc:para xml:space="preserve">El interés de ese proceso es de obtener una producción y una gestión racionalizada de los objetos multimedia realizados. Gracias al modelo documental, todos los documentos de una organización son estructurados de la misma forma. Esa homogeneización es un <sc:inlineStyle role="emp">marcador de identidad</sc:inlineStyle> y favorece la <sc:inlineStyle role="emp">lectura de los documentos</sc:inlineStyle>, cual sea el soporte de difusión.</sc:para>
													</op:txt>
												</sp:txt>
											</op:res>
										</sp:info>
									</op:pb>
								</sp:pb>
								<sp:div>
									<op:expUcDiv>
										<op:expUcDivM>
											<sp:title>Para distribuir los contenidos bajo diferentes formatos</sp:title>
										</op:expUcDivM>
										<sp:pb>
											<op:pb>
												<sp:info>
													<op:pbTi/>
													<op:res>
														<sp:txt>
															<op:txt>
																<sc:para xml:space="preserve" sc:id="t84">En general un contenido dado (por ejemplo la presentación de una empresa y se sus servicios) está destinado a diferentes usos complementarios : página web, informe para inversores, presentación para conferencias, etc.</sc:para>
															</op:txt>
														</sp:txt>
														<sp:txt>
															<op:txt>
																<sc:para xml:space="preserve" sc:id="t13">La cadena editorial se aproveche de la posibilidades de publicación multisoporte de las tecnologías documentarias con el fin de permitir a todos de acceder a una gama de soportes de difusión rica y variada.</sc:para>
															</op:txt>
														</sp:txt>
													</op:res>
												</sp:info>
											</op:pb>
										</sp:pb>
									</op:expUcDiv>
								</sp:div>
								<sp:div>
									<op:expUcDiv>
										<op:expUcDivM>
											<sp:title>Para mantener los documentos actualizados, cual sea el soporte de publicación</sp:title>
										</op:expUcDivM>
										<sp:pb>
											<op:pb>
												<sp:info>
													<op:pbTi/>
													<op:res>
														<sp:txt>
															<op:txt>
																<sc:para xml:space="preserve" sc:id="t14">Si un elemento del contenido debe ser actualizado, este será modificado solo una vez en el fondo documentario centralizado, y esa modificación se transmitirá automáticamente a todos los soportes de publicación.</sc:para>
															</op:txt>
														</sp:txt>
														<sp:txt>
															<op:txt>
																<sc:para xml:space="preserve" sc:id="t85">El fondo documentario es duradero porque la actualización de los contenidos queda independiente de las evoluciones tecnológicas (nueva versión de programas de ofimática, evolución de los formatos de la web, ...). La organización dispone siempre de su contenido de referencia en formato XML duradero, que describe su lógica y su semántica.</sc:para>
															</op:txt>
														</sp:txt>
													</op:res>
												</sp:info>
												<sp:basic>
													<op:pbTi/>
													<op:res>
														<sp:txt>
															<op:txt>
																<sc:para xml:space="preserve">El objetivo primordial de una cadena editorial es de utilizar la posibilidades de publicación multisoporte de las tecnologías documentarias para producir y actualizar el contenido una vez y sacar beneficio de este en todos los soportes de publicación deseados.</sc:para>
															</op:txt>
														</sp:txt>
													</op:res>
												</sp:basic>
											</op:pb>
										</sp:pb>
									</op:expUcDiv>
								</sp:div>
							</op:expUcDiv>
						</sp:div>
					</op:expUc>
				</sp:courseUc>
				<sp:courseUc>
					<op:expUc>
						<op:uM>
							<sp:title>¿ Como funciona una cadena editorial ?</sp:title>
						</op:uM>
						<sp:pb>
							<op:pb>
								<sp:info>
									<op:pbTi/>
									<op:res>
										<sp:txt>
											<op:txt>
												<sc:para xml:space="preserve" sc:id="t89">Una cadena editorial Scenari es un proceso que permite:</sc:para>
												<sc:itemizedList sc:id="t22">
													<sc:listItem sc:id="t23">
														<sc:para xml:space="preserve" sc:id="t21">Crear documentos respetando un modelo definido (creación estructurada)</sc:para>
													</sc:listItem>
													<sc:listItem sc:id="t29">
														<sc:para xml:space="preserve" sc:id="t24">Publicarlos en diferentes soportes (multi-soporte)</sc:para>
													</sc:listItem>
													<sc:listItem sc:id="t30">
														<sc:para xml:space="preserve" sc:id="t25">Adaptarlos para reutilizarlos en diferentes contextos (mutli-uso)</sc:para>
													</sc:listItem>
													<sc:listItem sc:id="t31">
														<sc:para xml:space="preserve" sc:id="t26">Mantenerlos actualizados fácilmente a lo largo del tiempo</sc:para>
													</sc:listItem>
													<sc:listItem sc:id="t32">
														<sc:para xml:space="preserve" sc:id="t27">Incorporar contenidos espaciales - gráficos, tablas, ... - y temporales - audio, vídeo, ...</sc:para>
													</sc:listItem>
													<sc:listItem sc:id="t33">
														<sc:para xml:space="preserve" sc:id="t28">Ser configurada para responder a las necesidades de cada contexto profesional específico</sc:para>
													</sc:listItem>
												</sc:itemizedList>
											</op:txt>
										</sp:txt>
										<sp:txt>
											<op:txt>
												<sc:para xml:space="preserve">Por eso, una cadena editorial está basada sobre la separación entre los <sc:inlineStyle role="emp">formatos de almacenamiento</sc:inlineStyle> y los <sc:inlineStyle role="emp">formatos de publicación</sc:inlineStyle></sc:para>
											</op:txt>
										</sp:txt>
										<sp:txt>
											<op:txt>
												<sc:para xml:space="preserve" sc:id="t93">El fondo documentario está descrito según:</sc:para>
												<sc:itemizedList sc:id="t42">
													<sc:listItem sc:id="t43">
														<sc:para xml:space="preserve" sc:id="t38">su estructura lógica (orden de los párrafos, grandes capítulos, partes diferentes...) ; </sc:para>
													</sc:listItem>
												</sc:itemizedList>
												<sc:itemizedList sc:id="t44">
													<sc:listItem sc:id="t45">
														<sc:para xml:space="preserve" sc:id="t39">el sentido dado al contenido (título, párrafo importante, definición, observación, ejemplo...) ; </sc:para>
													</sc:listItem>
												</sc:itemizedList>
												<sc:itemizedList sc:id="t46">
													<sc:listItem sc:id="t47">
														<sc:para xml:space="preserve" sc:id="t40">su tipo (texto, vídeos, audios, esquemas, animaciones...). </sc:para>
													</sc:listItem>
												</sc:itemizedList>
												<sc:para xml:space="preserve" sc:id="t41">La sintaxis informática utilizada es un formato abierto respetando en el lenguaje XML, fácilmente legible y modificable por un desarrollador: los contenidos producidos no son dependientes del software utilizado para su creación.</sc:para>
											</op:txt>
										</sp:txt>
										<sp:res sc:refUri="/Modulo_Ejemplo/Mis_Imagenes/edit.png">
											<op:resInfoM/>
										</sp:res>
										<sp:res sc:refUri="/Modulo_Ejemplo/Mis_Imagenes/xml.png">
											<op:resInfoM/>
										</sp:res>
									</op:res>
								</sp:info>
								<sp:basic>
									<op:pbTi/>
									<op:res>
										<sp:txt>
											<op:txt>
												<sc:para xml:space="preserve" sc:id="t68">La creación del contenido se hace de forma independiente del aspecto gráfico de los soportes finales que se quieren obtener. Es el programa informático que, a partir del contenido estructurado, general <sc:inlineStyle role="emp" sc:id="t69">automáticamente</sc:inlineStyle> los diferentes productos multimedias deseados en formatos de publicación adaptados: sitio web (HTML), documento impreso (PDF), presentación (Flash), ...</sc:para>
											</op:txt>
										</sp:txt>
										<sp:res sc:refUri="/Modulo_Ejemplo/Mis_Imagenes/web.png">
											<op:resInfoM/>
										</sp:res>
										<sp:res sc:refUri="/Modulo_Ejemplo/Mis_Imagenes/doc.png">
											<op:resInfoM/>
										</sp:res>
										<sp:res sc:refUri="/Modulo_Ejemplo/Mis_Imagenes/flash.png">
											<op:resInfoM/>
										</sp:res>
									</op:res>
								</sp:basic>
							</op:pb>
						</sp:pb>
					</op:expUc>
				</sp:courseUc>
			</op:ueDiv>
		</sp:div>
	</op:ue>
</sc:item>