<?xml version="1.0" encoding="UTF-8"?>
<sfm:png xmlns:sfm="http://www.utc.fr/ics/scenari/v3/filemeta" xmlns:op="utc.fr:ics/opale3" xmlns:sc="http://www.utc.fr/ics/scenari/v3/core">
	<op:binM xmlns:sp="http://www.utc.fr/ics/scenari/v3/primitive">
		<sp:title>Publication pour une projection (diaporama)</sp:title>
		<sp:desc>
			<op:sTxt>
				<sc:para sc:id="t2">En un « clic souris » le contenu produit par l'auteur est transformé en un support Flash destiné à être projeté lors d'une présentation orale. Des fonctionnalités avancées comme l'affichage à la demande d'un plan pour naviguer ou de compléments sont proposées.</sc:para>
			</op:sTxt>
		</sp:desc>
	</op:binM>
</sfm:png>
