<?xml version="1.0" encoding="UTF-8"?>
<sc:item xmlns:sc="http://www.utc.fr/ics/scenari/v3/core">
	<op:ue xmlns:sp="http://www.utc.fr/ics/scenari/v3/primitive" xmlns:op="utc.fr:ics/opale3" xmlns:sc="http://www.utc.fr/ics/scenari/v3/core">
		<op:ueM>
			<sp:title>Les chaînes éditoriales numériques</sp:title>
		</op:ueM>
		<sp:div>
			<op:ueDiv>
				<op:ueDivM>
					<sp:title>Principes</sp:title>
				</op:ueDivM>
				<sp:intro>
					<op:res>
						<sp:txt>
							<op:txt>
								<sc:para xml:space="preserve" sc:id="t7">Une chaîne éditoriale est un procédé technologique et méthodologique, issu de la recherche en ingénierie documentaire. L'approche consiste à réaliser un modèle de document, à assister les tâches de création du contenu et à automatiser leur mise en forme. L'intérêt est de réduire les coûts de production et de maintenance des contenus, et de mieux contrôler leur qualité. </sc:para>
							</op:txt>
						</sp:txt>
					</op:res>
				</sp:intro>
				<sp:courseUc>
					<op:expUc>
						<op:uM>
							<sp:title>Pourquoi utiliser une chaîne éditoriale ?</sp:title>
						</op:uM>
						<sp:div>
							<op:expUcDiv>
								<op:expUcDivM>
									<sp:title>Pour marquer l'identité d'une organisation</sp:title>
								</op:expUcDivM>
								<sp:pb>
									<op:pb>
										<sp:info>
											<op:pbTi/>
											<op:res>
												<sp:txt>
													<op:txt>
														<sc:para sc:id="t5">L'intérêt de ce procédé est d'obtenir une production et une gestion rationalisées des objets multimédias réalisés. Grâce au modèle documentaire, tous les documents d'une organisation sont structurés de la même manière. Cette homogénéisation est <sc:inlineStyle role="emp">marqueur d'identité</sc:inlineStyle> et favorise la <sc:inlineStyle role="emp">lecture des documents</sc:inlineStyle>, quel que soit leur support de diffusion.</sc:para>
													</op:txt>
												</sp:txt>
											</op:res>
										</sp:info>
									</op:pb>
								</sp:pb>
							</op:expUcDiv>
						</sp:div>
						<sp:div>
							<op:expUcDiv>
								<op:expUcDivM>
									<sp:title>Pour diffuser des contenus sous différents formats</sp:title>
								</op:expUcDivM>
								<sp:pb>
									<op:pb>
										<sp:info>
											<op:pbTi/>
											<op:res>
												<sp:txt>
													<op:txt>
														<sc:para sc:id="t12">En général un contenu donné (par exemple la présentation d'une entreprise et de son offre) est destiné à plusieurs usages complémentaires : site Web client, dossier investisseurs, présentation salon, etc.</sc:para>
													</op:txt>
												</sp:txt>
												<sp:txt>
													<op:txt>
														<sc:para sc:id="t13">La chaîne éditoriale met à profit les possibilités de publication multisupport des technologies documentaires afin de permettre à tous d'accéder à une gamme de supports de diffusion très riche et variée.</sc:para>
													</op:txt>
												</sp:txt>
											</op:res>
										</sp:info>
									</op:pb>
								</sp:pb>
							</op:expUcDiv>
						</sp:div>
						<sp:div>
							<op:expUcDiv>
								<op:expUcDivM>
									<sp:title>Pour maintenir les documents à jour, quelle que soit la publication</sp:title>
								</op:expUcDivM>
								<sp:pb>
									<op:pb>
										<sp:info>
											<op:pbTi/>
											<op:res>
												<sp:txt>
													<op:txt>
														<sc:para sc:id="t14">Si un élément du contenu doit être révisé, il est modifié une seule fois dans le fonds documentaire centralisé et cette modification se répercute automatiquement sur tous les supports multimédias qui en sont issus.</sc:para>
													</op:txt>
												</sp:txt>
												<sp:txt>
													<op:txt>
														<sc:para sc:id="t15">Le fonds documentaire est durable car la mise à jour des contenus reste indépendante des évolutions technologiques (nouvelles versions de logiciels bureautiques, évolution des formats du Web, etc.). L'organisation dispose toujours de son contenu de référence dans un format XML pérenne, qui décrit sa logique et sa sémantique.</sc:para>
													</op:txt>
												</sp:txt>
											</op:res>
										</sp:info>
										<sp:basic>
											<op:pbTi/>
											<op:res>
												<sp:txt>
													<op:txt>
														<sc:para sc:id="t18">L'enjeu premier d'une chaîne éditoriale est de mettre à profit les possibilités de publication multisupport des technologies documentaires pour ne produire et ne mettre à jour le contenu qu'une seule fois tout en l'exploitant sur tous les supports désirés.</sc:para>
													</op:txt>
												</sp:txt>
											</op:res>
										</sp:basic>
									</op:pb>
								</sp:pb>
							</op:expUcDiv>
						</sp:div>
					</op:expUc>
				</sp:courseUc>
				<sp:courseUc>
					<op:expUc>
						<op:uM>
							<sp:title>Comment fonctionne une chaîne éditoriale ?</sp:title>
						</op:uM>
						<sp:pb>
							<op:pb>
								<sp:info>
									<op:pbTi/>
									<op:res>
										<sp:txt>
											<op:txt>
												<sc:para sc:id="t19">Une chaîne éditoriale Scenari est un procédé permettant :</sc:para>
												<sc:itemizedList sc:id="t22">
													<sc:listItem sc:id="t23">
														<sc:para sc:id="t21"> De créer des documents en respectant un modèle documentaire (création structurée) ;</sc:para>
													</sc:listItem>
													<sc:listItem sc:id="t29">
														<sc:para sc:id="t24">De les publier sur plusieurs supports (multi-supports) </sc:para>
													</sc:listItem>
													<sc:listItem sc:id="t30">
														<sc:para sc:id="t25">De les adapter pour les réutiliser dans différents contextes (multi-usages) </sc:para>
													</sc:listItem>
													<sc:listItem sc:id="t31">
														<sc:para sc:id="t26">De les maintenir facilement dans le temps </sc:para>
													</sc:listItem>
													<sc:listItem sc:id="t32">
														<sc:para sc:id="t27">D'intégrer des contenus spatiaux - graphiques, tableaux, etc. - et temporels - audio, vidéo, etc. </sc:para>
													</sc:listItem>
													<sc:listItem sc:id="t33">
														<sc:para sc:id="t28">D'être configurée pour répondre aux spécificités de chaque contexte métier particulier </sc:para>
													</sc:listItem>
												</sc:itemizedList>
											</op:txt>
										</sp:txt>
										<sp:txt>
											<op:txt>
												<sc:para sc:id="t34">Pour ce faire, une chaîne éditoriale est basée sur la séparation des <sc:inlineStyle role="emp">formats de stockage</sc:inlineStyle> et des <sc:inlineStyle role="emp">formats de publication</sc:inlineStyle>.</sc:para>
											</op:txt>
										</sp:txt>
										<sp:txt>
											<op:txt>
												<sc:para sc:id="t37">Le fonds documentaire est ainsi décrit selon : </sc:para>
												<sc:itemizedList sc:id="t42">
													<sc:listItem sc:id="t43">
														<sc:para sc:id="t38">sa structure logique (ordre des paragraphes, grands chapitres, différentes parties...) ; </sc:para>
													</sc:listItem>
												</sc:itemizedList>
												<sc:itemizedList sc:id="t44">
													<sc:listItem sc:id="t45">
														<sc:para sc:id="t39">le sens donné au contenu (titre, paragraphe important, définition, remarque, exemple...) ; </sc:para>
													</sc:listItem>
												</sc:itemizedList>
												<sc:itemizedList sc:id="t46">
													<sc:listItem sc:id="t47">
														<sc:para sc:id="t40">sa nature (texte, vidéos, sons, schémas, animations...). </sc:para>
													</sc:listItem>
												</sc:itemizedList>
												<sc:para sc:id="t41">La syntaxe informatique utilisée est un format ouvert respectant la norme XML, facilement lisible et modifiable par un développeur : les contenus produits ne sont pas dépendants du logiciel qui a permis sa création.</sc:para>
											</op:txt>
										</sp:txt>
										<sp:res sc:refUri="/Module_Exemple/Mes_Images/edit.png">
											<op:resInfoM/>
										</sp:res>
										<sp:res sc:refUri="/Module_Exemple/Mes_Images/xml.png">
											<op:resInfoM/>
										</sp:res>
									</op:res>
								</sp:info>
								<sp:basic>
									<op:pbTi/>
									<op:res>
										<sp:txt>
											<op:txt>
												<sc:para sc:id="t58">La création du contenu s'effectue indépendamment de la mise en forme des supports finaux que l'on souhaite obtenir. C'est le programme informatique qui, à partir du contenu documentaire structuré, génère ensuite <sc:inlineStyle role="emp">automatiquement</sc:inlineStyle> les différents produits multimédias souhaités dans les formats de publication adaptés : site web (HTML), document papier (PDF), présentation (Flash), etc.</sc:para>
											</op:txt>
										</sp:txt>
										<sp:res sc:refUri="/Module_Exemple/Mes_Images/web.png">
											<op:resInfoM/>
										</sp:res>
										<sp:res sc:refUri="/Module_Exemple/Mes_Images/doc.png">
											<op:resInfoM/>
										</sp:res>
										<sp:res sc:refUri="/Module_Exemple/Mes_Images/flash.png">
											<op:resInfoM/>
										</sp:res>
									</op:res>
								</sp:basic>
							</op:pb>
						</sp:pb>
					</op:expUc>
				</sp:courseUc>
			</op:ueDiv>
		</sp:div>
	</op:ue>
</sc:item>