<?xml version="1.0" encoding="UTF-8"?>
<sfm:png xmlns:op="utc.fr:ics/opale3" xmlns:sc="http://www.utc.fr/ics/scenari/v3/core" xmlns:sfm="http://www.utc.fr/ics/scenari/v3/filemeta">
	<op:binM xmlns:sp="http://www.utc.fr/ics/scenari/v3/primitive">
		<sp:title>Publicación impreso</sp:title>
		<sp:desc>
			<op:sTxt>
				<sc:para xml:space="preserve" sc:id="t2">Gracias a un solo &quot;clic&quot; de ratón, el contenido producido por el autor está plasmado en un documento OpenOffice que puede ser modificado a mano si es necesario.</sc:para>
			</op:sTxt>
		</sp:desc>
	</op:binM>
</sfm:png>